date (UTC),description,moneyIn (BTC),moneyOut (BTC),tx hash,current balance (BTC)
3/11/20 1:32,PAYMENT SENT,0,-9464.165009,749a9bc4558408b16be0286e52fa63419b8ec432e6f6e56c4ac80302fd467c8c,63972.1144
31/10/20 21:26,PAYMENT RECEIVED,5.47E-06,0,98a9b6abf87469eb411789c3189e8b8e7ed20757d105d05b8731d8325f2283c7,73436.27941
15/10/20 5:41,PAYMENT RECEIVED,5.47E-06,0,1efc9519cc2861a0101cf96a3addd1a9a142e017208b66897e17bd9a517f55f3,73436.27941
26/9/20 19:05,PAYMENT RECEIVED,7.77E-06,0,e1fcbd7faa3bb6c26312c826eec31cc842d8f8a29c889eee729cfcb0611af430,73436.2794
24/9/20 5:42,PAYMENT RECEIVED,5.47E-06,0,44e72630f5dbe176854faa978d48acef4ee6038ce36b8e1c8b69471557e44b60,73436.27939
12/9/20 0:08,PAYMENT RECEIVED,5.47E-06,0,dc865415b44d9e644e5868a8909dc95a05dae92635b5c48dda9d07d0bc77a3d4,73436.27939
30/8/20 12:17,PAYMENT RECEIVED,5.47E-06,0,c91ecb6c8a32d7e4ccb89233675b25bc3459c4357066abfcda0985c7242385d8,73436.27938
21/8/20 6:44,PAYMENT RECEIVED,988.5326476,0,21f3bf017f823fc82b1cc8287ce442085e707bb87e7b7e27ef63ae831257c17e,73436.27938
19/8/20 0:16,PAYMENT RECEIVED,5.47E-06,0,1f9fae3a9ae64cdbea51038ca41a893cb2bd59d3424a2ec548b459fe6fc0f2ef,72447.74673
18/8/20 12:45,PAYMENT RECEIVED,2000,0,40c9245a057072465d44a1e1d9a604901ea03cbb3153196ea3e9b67a3e457fe4,72447.74672
18/8/20 12:45,PAYMENT RECEIVED,312.3326908,0,c70da1428008fe0682515b13afe772e9ee007f3700b792cc656d495e4abe6174,70447.74672
18/8/20 12:45,PAYMENT RECEIVED,2000,0,b057fb8d294fc1add9dc95b17e11dcd1cd8652c3f9604ed1c98f921805a37c43,70135.41403
18/8/20 12:45,PAYMENT RECEIVED,2000,0,737daa177a123f276c8a72a110e2020e89bb62ea144145d69efc6240f17736c2,68135.41403
18/8/20 12:45,PAYMENT RECEIVED,2000,0,5498485194be505e5237157bfcf763589680c6e95c32b4d58979d42ed33a8dbd,66135.41403
18/8/20 12:40,PAYMENT RECEIVED,2000,0,d1d510afc020d996088da70318317d7eff52851a614fb4ec68143cc93bcb3ec9,64135.41403
13/8/20 8:27,PAYMENT RECEIVED,5.47E-06,0,cc15bd8fb9196ebcfb28ff8b6b8d65fbdf696f9a7a6556fa35cbdc24d1f1c84d,62135.41403
8/8/20 21:45,PAYMENT RECEIVED,5.47E-06,0,f3282eea2b54dbc6cc14e26b8f5e210a89c18ed6ede578266d9bfea6e62d904a,62135.41403
4/8/20 10:11,PAYMENT RECEIVED,5.47E-06,0,a79b970c17d97557357ec0661a2b9de44724440e1c635e1b603381c53ece725d,62135.41402
29/7/20 10:31,PAYMENT RECEIVED,2000,0,cf17302e911c967b16bab828dc0c1b490ba924fdbe62d68af06829c1f458906e,62135.41402
29/7/20 10:31,PAYMENT RECEIVED,2000,0,3a9c314e06745ff5cce583f12610231dd5630687ab8eca80edcc492341039fdb,60135.41402
29/7/20 10:31,PAYMENT RECEIVED,2000,0,815b187283c02fc07f889d93f05c7f42e762a9f05f052c5025faf68dadf49ef9,58135.41402
29/7/20 10:31,PAYMENT RECEIVED,677.8602036,0,b701dff47b87cd88ca527796b057507febead59b3be1aab352a7fea8c092c081,56135.41402
29/7/20 10:31,PAYMENT RECEIVED,2000,0,d8e50cbc2f23af79d1ac1944c1557cfeaadba2d6d9474bb30a1a35eeded6d74d,55457.55381
29/7/20 10:31,PAYMENT RECEIVED,2000,0,0065ceb574e3cad14c873dd86af847a02ac2fc5a87b016ebe2902a7bc3aada79,53457.55381
9/7/20 16:27,PAYMENT RECEIVED,2000,0,4e8e841c72f46cc5db36caabf1e8a6d94c6dbbde259f1a80b4a7c56cdbb3d029,51457.55381
9/7/20 16:27,PAYMENT RECEIVED,2000,0,7a61c17ce62c532f7daf4a8e073bdc1a9a89d297f13f19a9580477a47de8cc54,49457.55381
9/7/20 16:27,PAYMENT RECEIVED,2000,0,40b1457a24dad58f7e5d269f2115770471a6b39f0458e015d66b9ed3850a780a,47457.55381
9/7/20 16:27,PAYMENT RECEIVED,923.5538882,0,9e6dafc7a168a3939320656c545db5569d0ccaa2d37f58e113c7d6f07583ac12,45457.55381
9/7/20 16:27,PAYMENT RECEIVED,2000,0,d412e3ef08a6d536358640c776aeca3b5b3507db62ca212aa4d75dafc8f78c2f,44533.99992
9/7/20 16:27,PAYMENT RECEIVED,2000,0,0f1c94db158c58ccb18dbb246b6e10ed4c237a2905680af6db0ff09658299247,42533.99992
1/7/20 1:05,PAYMENT RECEIVED,0.0001097,0,c1e293fa2bd0e748cbe2f4270824e16fd6d53ee06f4e172ad42dd5d44753aa04,40533.99992
14/6/20 14:19,PAYMENT RECEIVED,8.88E-06,0,cba960f9f4d216535b56fab521ae5bff41faf1804572a637bf2a5acf1596244f,40533.99982
2/6/20 2:34,PAYMENT RECEIVED,2000,0,7a66e231bcdbf7d362e38fe0365c7da46cbb0aa7c46084e9c7431485e904f78c,32194.93556
2/6/20 2:34,PAYMENT RECEIVED,2000,0,e9fccd32724db4b007af29ed3ac6050b44f29e1084e822a14db3aff4c080781f,34194.93556
2/6/20 2:34,PAYMENT RECEIVED,2000,0,39e19737d50aa86a32c9724fed65f20adee5e45ac7a18bb6251a7a41af14b76c,36194.93556
2/6/20 2:34,PAYMENT RECEIVED,2000,0,e26f8f6835570b6a458e0a9497bc655b3173c33eaf460c4b82ab6b0c175cc23d,38194.93556
2/6/20 2:34,PAYMENT RECEIVED,339.0642417,0,3f117ce1d925f7e7ae6bd07d46cb5cce709c6690597b75d083d10c3da3498987,38533.99981
2/6/20 2:34,PAYMENT RECEIVED,2000,0,eb9699a91e7a07980eb030739361d840b547ca9de15d7048162df35a89ad6700,40533.99981
6/5/20 13:05,PAYMENT RECEIVED,536.927126,0,007a229366697b9eb077bf60803d6296111a9e8eab6fdcf8682b6a72d19e50ed,30194.93556
6/5/20 13:05,PAYMENT RECEIVED,2000,0,a7900a79abadd3c32a733541864c66e9f733a29098b1e77d14e36fe3e825245b,29658.00844
6/5/20 13:05,PAYMENT RECEIVED,2000,0,468f810e04305005e068a033c1fb5437f62691e853b2095ec2dc4b967ab60384,27658.00844
6/5/20 13:05,PAYMENT RECEIVED,2000,0,3de468a6d344c47a1941291f489d3fe07c0cb9b04c2328cdf56675f4a8ee53d7,25658.00844
6/5/20 13:05,PAYMENT RECEIVED,2000,0,59b3806a605ca9a4c9aa0fddc2ea8c5c6c4a1c92c310df0fad1fe1412c008c0f,23658.00844
6/5/20 13:05,PAYMENT RECEIVED,2000,0,0b756e072d2f297d1064b061257fec9650ca3208f2b078f1ee78dd79ea60aee5,21658.00844
5/5/20 22:11,PAYMENT RECEIVED,0.0006,0,1f556ad64301f2923aa37290049fb28948dd31adf63b3d88cffc51c6877f5cc7,19658.00844
1/5/20 10:06,PAYMENT RECEIVED,193.8428298,0,9e48d3bacf7d914429c91b4e6d713e8b5d2a6e468ccd45148da19e0f6cad785c,19658.00784
1/5/20 10:06,PAYMENT RECEIVED,2000,0,3b946e849fcc2d76cb2ce27251af24257550967e26771374fc6fd2cdbf9c195f,19464.16501
1/5/20 10:06,PAYMENT RECEIVED,2000,0,6cbd2bf0d74c9360b16860410d67e39cfd7197febf26f924c95227f888f8fc56,17464.16501
1/5/20 10:06,PAYMENT RECEIVED,2000,0,ae1c2bf40dcf2f1ef989ee59908fffc14b2c9360770082567ce5bd310bb59025,15464.16501
1/5/20 10:06,PAYMENT RECEIVED,2000,0,27f21e814a579dff9b0ecacc7cb1c9d8aefe2e9debfcb4e700e01bfc22cc35d4,13464.16501
1/5/20 10:06,PAYMENT RECEIVED,2000,0,f6da449f5bde5477dc403f93ad41b15491e6e54a724d3c1cd29a29ec06d7a5f9,11464.16501
29/4/20 19:19,PAYMENT SENT,0,-1945.000345,092eb570e82ff476428873fa45aee34da2d49b9efb1780aaeba4c34341762dfe,9464.165009
29/4/20 19:07,PAYMENT SENT,0,-100.0003277,c6990094d4f90e187b7e7b67e8b09b0448790e34bfd4ed668c6b66f709db824f,11409.16535
25/4/20 15:10,PAYMENT RECEIVED,2000,0,43245f538906a9f366b17e33b868355602a5385778592c126d45770350a446ca,3370.844352
25/4/20 15:10,PAYMENT RECEIVED,2000,0,8f39631d67f972a9291dfb4083cf00ac29b4e161d81a88e9a79d0df20154bf4e,5370.844352
25/4/20 15:10,PAYMENT RECEIVED,2000,0,51a5c47f4151b0b723c8e5443a3d44085b12fa76c213fa71f631136237d8e251,7370.844352
25/4/20 15:10,PAYMENT RECEIVED,2000,0,37761d4681c60b6db48b66d4889676e6aa4312fad3cbf73778c02d7389b755a3,9370.844352
25/4/20 15:10,PAYMENT RECEIVED,138.3213288,0,26e175bfa1d188a5b17f1ca34928b5a0e481b96d9a6f658cd52221571bfc7e8a,9509.165681
25/4/20 15:10,PAYMENT RECEIVED,2000,0,79946d14f6e86b2a54968e4bfa58cc65500e9807ef1568ab90f45b50f81595ff,11509.16568
20/3/20 3:45,PAYMENT SENT,0,-87012.71335,a8cfd0b6808877d86af02774087620b9f08281049ce95fbe40af3771763ef2c0,1370.844352
12/3/20 2:27,PAYMENT RECEIVED,1370.844352,0,1be2b306759d25b9c64fb3df4cab46402ec4b7ddeac7f6cec4070d795a1f050e,88383.5577
11/3/20 22:57,PAYMENT SENT,0,-306.0000454,92763fb998275b416cc1d14e698c240996e7d617731b92e8366caa77f8d53344,87012.71335
11/3/20 22:57,PAYMENT SENT,0,-201.0023887,9896ad869f6e87f125e7f9d9cc08777e135737b9850573724a826bab51faef5f,87318.71339
9/3/20 9:21,PAYMENT RECEIVED,6.00E-06,0,78adba8b62913426c64302cefe60c88a75163bc755ced523b2ff09dba2dbcc77,87519.71578
7/3/20 19:22,PAYMENT RECEIVED,6.00E-06,0,50be48c85a880e857cf71d21099c06e4e0793a483a920ebe77b0fa5bfb1e5628,87519.71577
5/3/20 18:33,PAYMENT RECEIVED,1142.903563,0,977db35b0669a58cb97de49c3e097ad9e012e10d5d1e7dcb5e7c73666280e1f7,87519.71577
5/3/20 12:30,PAYMENT RECEIVED,1052.403974,0,f132cd80b389865bb7a516b6cf081c73ea10b2bfbab46b79145468cd731f8109,86376.8122
4/3/20 12:28,PAYMENT RECEIVED,1056.088129,0,d8039c7c447aeb9449343370473238762aa89ce033c752c94e3c851fb9d72e60,85324.40823
1/3/20 6:15,PAYMENT RECEIVED,1094.218471,0,991f71a1086f08ea41822376fe3c0e5d7719af9bf8524b8a070a2fc13ec7ba34,84268.3201
28/2/20 20:53,PAYMENT RECEIVED,2000,0,b995c52da92f5fb8485493f5bdfadcd012251e1c9ff7867a22cd963c00c75a18,83174.10163
28/2/20 20:53,PAYMENT RECEIVED,321.0136435,0,347423d4b2dd3c4b38b3d3373389977210fccfb564fc4d1792dfa8dc4039674a,81174.10163
28/2/20 16:43,PAYMENT RECEIVED,1067.260473,0,d196276f8d2b285824211828ad16051b0a1a72f15c521ba0b40d4e20584a928a,80853.08799
28/2/20 3:47,PAYMENT RECEIVED,1065.198736,0,91c493004775039606e4c477116b01e3e913faff1a2d102769ec066f6147821a,79785.82751
27/2/20 2:16,PAYMENT RECEIVED,1087.16793,0,cd1caa837a05fa7d40a2cd3f6c48a5eca96453b3e2decc92dd626864e40110a1,78720.62878
26/2/20 18:14,PAYMENT RECEIVED,2000,0,c52fd15558938f9ebe7ec5d408f9017d91ac05e97211b7428927b87209ea853a,76947.41969
26/2/20 18:14,PAYMENT RECEIVED,686.0411592,0,452ebfe9f9639e26d0702aafe762a1af96039bc8cf4b814c6b64235ad1aea686,77633.46085
20/2/20 7:54,PAYMENT SENT,0,-21022.70335,a70d7e9db00d7faa6225a7bed0711bd76f850b396f5772e63d5a8a44dc269942,74947.41969
17/2/20 16:27,PAYMENT RECEIVED,1209.470777,0,48a360d8acd0016b3a903bec2f8ed78f5fc1bbf11e2c09322f2f33722fff9ff8,95970.12304
12/2/20 10:25,PAYMENT RECEIVED,1475.635027,0,88e6a263cfc893fee27ab5fc0b3f78c8cabb86f4936d1b99aef6f6d81f30adb0,94760.65226
11/2/20 21:20,PAYMENT RECEIVED,1219.804519,0,b9b83ecf42ea26142cc66f276bbc5301bfd7b43fe7fbdb5f6b5c190e121e4a6c,93285.01723
11/2/20 7:21,PAYMENT RECEIVED,28.84837274,0,129e16d2cbea2d2482aff7f56e43686abff582830bab580475c7652720d42458,92065.21271
11/2/20 7:21,PAYMENT RECEIVED,2000,0,d71a29f1eba91005a7946a2844bdd2da3a1ad4748c11c24220b36bc864552762,92036.36434
11/2/20 6:28,PAYMENT RECEIVED,1614.471634,0,05058839211c0d231e43ef0c54c2c386758e665b14b0cf3e971b00530cb29c5e,90036.36434
11/2/20 5:25,PAYMENT RECEIVED,5.70E-06,0,8aaa8ce840e8fb46d1131fd2375d8e4259631d1cbbcbece398a7d3d41a456143,88421.89271
7/2/20 6:46,PAYMENT RECEIVED,1464.046774,0,3363b5157aeedf68400b0f5c177ae84ee41f1096f70939b9b1c0e3416e548ea7,88421.8927
7/2/20 1:02,PAYMENT RECEIVED,1572.004298,0,2eca59d4cd467c6db40214ff306999df296d8f95745c30e4859a56b9fc1e69fe,86957.84593
6/2/20 12:41,PAYMENT RECEIVED,1228.470521,0,4f55f7a9553b839a4929c009c67ac636222cc8a8836c9fbb855c4b47d36b4213,85385.84163
5/2/20 14:59,PAYMENT RECEIVED,1066.637858,0,10fddc214ad54cc2aedab8330dd409ecd84037043f62ef1e2b6641ef4459e1fa,84157.37111
3/2/20 18:13,PAYMENT RECEIVED,1175.799152,0,59d691067188eddb4b961f7032116d78e5a2f06055fd3261c56c9add2a4e35e5,83090.73325
2/2/20 9:47,PAYMENT RECEIVED,1020.973361,0,654ef1950380186c0055fb355d398d13c3498c04812791965223c0117c7054ff,81914.9341
30/1/20 23:31,PAYMENT RECEIVED,5.52E-06,0,3d610587695f02e2ffc1e94b05e171d74620848226cd68bf5d88a81919fd8185,80893.96074
28/1/20 12:28,PAYMENT RECEIVED,1199.797511,0,afd460e0cff78ee6df0d50f72331159aba0e46af703320bbd90a3771203222e5,80893.96073
14/1/20 22:27,PAYMENT RECEIVED,2000,0,a070d1f5d671777fb28bed2b172c83ae02bbc6e37492b695621f00d4761818c7,79694.16322
14/1/20 22:27,PAYMENT RECEIVED,44.94174011,0,ca62db650ae137d75154276a6d53d89274e21d508375f7684d60f5e9f32f9e93,77694.16322
14/1/20 20:26,PAYMENT RECEIVED,140.4730419,0,52246cc57c81e0bfc70024b32ffb8986589262079d0aa73b23476ff831279ac0,77649.22148
14/1/20 20:26,PAYMENT RECEIVED,2000,0,b153f1f6ae0ec4c017d93c7ef31b2a16ec48afe26f180c861b18946093771103,77508.74844
7/1/20 0:14,PAYMENT RECEIVED,1224.999385,0,1ed9cf5d3c85717a89c58a3dd346a93ccb020974d7df686bd70300e2d8cfc295,75508.74844
6/1/20 9:03,PAYMENT RECEIVED,1022.316322,0,185bbabe4c62dd6547c72069742e27ae466efea9ae42ba33b75e92c1cfd9cf84,74283.74905
5/1/20 5:12,PAYMENT RECEIVED,1372.808084,0,64c93ab344d1be63121eeaaa595e0436430b833aecf6110ee3a2ac43624770dd,73261.43273
3/1/20 0:11,PAYMENT RECEIVED,1101.620608,0,cfa4e22654473e7e8824a63701bc199e6ef88fbd0cb2fe959e0be9880939358d,71888.62465
29/12/19 16:44,PAYMENT RECEIVED,1268.895887,0,ca81b87d7ffb9f55b91dc16a10e1ede0850c15ea3ea762c6e768cfb25b72bedc,70787.00404
25/12/19 11:01,PAYMENT SENT,0,-13349.6474,8e424276a59a93afaaf6e7883af737656b1dffae5d5c1f15bbb679cba8b162ba,69518.10815
23/12/19 6:30,PAYMENT RECEIVED,1432.822872,0,fcd0dca7e77fc9ba775fcbd2868d52cda78be10c68fa9fbf3d0914833e75bf58,82867.75556
23/12/19 2:27,PAYMENT RECEIVED,1959.790769,0,678f60235dc2f7e31c883c151efbe1f0cef427b7e4198578f81dc3308a63d6de,81434.93268
19/12/19 2:51,PAYMENT RECEIVED,1797.755015,0,85f1e6fa1937821d6e0205015c8e05a9e7542a42b1c47ae5dadd46263c858d3c,79475.14192
18/12/19 22:59,PAYMENT RECEIVED,1105.507044,0,a3eb3d659be8e4f8436e16a6713b083f68c8bbd796dd06cf55b237e1279a2dc7,77677.3869
18/12/19 22:36,PAYMENT RECEIVED,1248.654504,0,6d1e3ed97b16fa360e53f681f16edd731ae0825426c00098477afc7f2a642b42,76571.87986
13/12/19 20:48,PAYMENT RECEIVED,1751.098827,0,1f69cb4d6a25a37fde84a4529c1d20b704a4abbc28c4e87e77f8a651a545f975,75323.22535
10/12/19 4:38,PAYMENT RECEIVED,1501.162746,0,13f62d46faaa14dbf68e3c6ecdd30f6e6cc9a481ecaf6f7e56b4a7ccdb47747e,73572.12653
7/12/19 16:30,PAYMENT RECEIVED,1244.206043,0,5f9a8b1413e2202b3df01cd3aec0f72d7a8a19ebbd7c69daa2e3ad4fade63deb,72070.96378
6/12/19 22:30,PAYMENT RECEIVED,1308.63443,0,2a5face482e9572219e4feaa6067bf2536320347db994d925bc6050e571607b9,70826.75774
6/12/19 15:27,PAYMENT RECEIVED,0.0011,0,15d06755f55e92ecf5c61efae4f4f29cb4b6d21f138aa3e6dad147187b806cfd,69518.12331
6/12/19 15:27,PAYMENT RECEIVED,0.00111,0,071ce01aab0e7c75ee35dd6a929346f2ae8befa0a208848793ddab3408c2a4e1,69518.12221
6/12/19 15:27,PAYMENT RECEIVED,0.001,0,1730bc4bf1daa20d7c0b3f25101150036f6fe810cb72eda30e3cd008fd311617,69518.1211
3/12/19 15:46,PAYMENT SENT,0,-21055.58774,52af1ed9a3c0f17d45163d95f18f8ee20b6b5b916a6841467cdd9e98e41c3b7f,69518.1201
25/11/19 12:03,PAYMENT RECEIVED,2000,0,7510989cda5650b505442de03cb8b3d1f99e73e31f224862d9d9c00d4dc7d84a,90573.70783
25/11/19 12:03,PAYMENT RECEIVED,280.6941438,0,18aca20692da0a4096c103942ffa6367785584e306f732d12769b29067a77f7a,88573.70783
25/11/19 12:03,PAYMENT RECEIVED,2000,0,925fb976e31a78f39a901ff7d235fb5630cbeca23fcac5237326f81fc82d97f2,88293.01369
24/11/19 8:24,PAYMENT RECEIVED,1422.199307,0,b6c7270ec1c4daee398e22cc5b13684a028db14470b88bb3d59de4371c84e869,86293.01369
23/11/19 2:31,PAYMENT RECEIVED,1006.228418,0,12383f8f1e066499049f519e3de327990863f355ed971ee65708ee40e6a96138,84870.81438
22/11/19 18:28,PAYMENT RECEIVED,1790.704671,0,cdee43608418eaf5c483b34123056237d4b349482aefb6afd8602ae07413fd1e,83864.58597
22/11/19 14:30,PAYMENT RECEIVED,1736.269651,0,2680253d28ff920c2819ee27cd5d30205244a5a1c6bc16e4c77951fdb626637d,82073.88129
22/11/19 6:28,PAYMENT RECEIVED,1991.034144,0,6989a62c60cf7b81bf12eff395f0f7d7b36d84af3d3eb79759a6828fe1bc19ba,80337.61164
20/11/19 10:21,PAYMENT RECEIVED,1030.423436,0,714766b591a13670e8e6ef70359180746cb7216548d0593e624c4e278370e968,78346.5775
19/11/19 2:59,PAYMENT RECEIVED,1720.663402,0,613a7f6c202b4a3f681d3db9eb3ad259410de1661633cfda47b3be09d6079b9e,77316.15406
16/11/19 14:11,PAYMENT RECEIVED,1.18E-05,0,1f189d12fdd7d5befa4e7bc006932e55975e54379749c293ced0063f36bb4a33,75595.49066
16/11/19 14:11,PAYMENT RECEIVED,1.18E-05,0,4c4a36f1cce513564325a32f5747ba3027e5cbc06eb6db60d2d6456e3631b06f,75595.49065
16/11/19 14:11,PAYMENT RECEIVED,1.18E-05,0,1aa346909260309d43c7eb190abbb51a3f5532fd2ca431862450afc493fe2233,75595.49064
16/11/19 14:11,PAYMENT RECEIVED,1.18E-05,0,fc2d7693fecd02950242bcf9d9b12cec6efb96f7e3cd1dde4eaebdce9a1f15aa,75595.49063
1/11/19 19:19,PAYMENT RECEIVED,0.000121,0,7e33184c7219a892e89d38e22f7fe5fb421c657ce6f93f54b710e579aea96c97,179842.4507
5/11/19 10:25,PAYMENT SENT,0,-110572.3062,e6f40ba0bf83b67482c0ecae8b75b313e00f7d93979490af794bd89babdc7c7b,69270.14446
7/11/19 22:24,PAYMENT RECEIVED,1189.735002,0,fdc8812cf3395b6e98b72f604abb711938115b7297c5956327f8bff93bd78cab,70459.87946
9/11/19 8:31,PAYMENT RECEIVED,1029.079212,0,0bab955bbf338a2894d487cd4ec67b2be7c7daab54b7b2ba40063d29e68e7fd6,71488.95867
11/11/19 10:37,PAYMENT RECEIVED,1019.806192,0,84e2a0934dbea254b49af28d8d76e9142912c5cdc973f2e8a3fd50ca2ac939cc,72508.76487
13/11/19 16:34,PAYMENT RECEIVED,2000,0,8a24f0e0c2697e5b27e520c69d9ae96f39961d3881792a0b17c1384e3702ee9d,74508.76487
13/11/19 16:34,PAYMENT RECEIVED,30.40753991,0,7b79741cbb0e26afc4f90c7b29bf1bf351984a566ab57eab5c6c2d6b38a5fa03,74539.1724
14/11/19 17:12,PAYMENT RECEIVED,0.0005,0,af394a542e8749e0a422c93036dac2a8e0b0afd1532537a7e57ab15c86d27924,74539.1729
15/11/19 15:53,PAYMENT RECEIVED,5.08E-05,0,bab83416e2fe7b8f80d78152520fcf2e0e57858b3d67139f313b49394cd00d19,74539.17296
15/11/19 16:35,PAYMENT RECEIVED,1056.317646,0,190861c491d41109df22a11717ad7822bb720d20eb05dcd5804622bcc7e37650,75595.4906
16/11/19 14:11,PAYMENT RECEIVED,1.18E-05,0,725610c05c4c4cfd24b796aba1a29747eef303092155320bcab02f06ae2584d6,75595.49061
1/11/19 0:00,PAYMENT RECEIVED,0.00010955,0,d3587914f52e15a3ffc6cc5dccab4222394d9c9e8ec92941e642627b64a74721,179842.4506
1/10/19 20:20,PAYMENT RECEIVED,0.00036358,0,1151c0598e8adde865d49a6376c2e9c2ae965e1985d60f75cc17c6708bc65952,158832.3438
22/10/19 20:22,PAYMENT RECEIVED,1191.198068,0,6155aae34c3fa0dfc4d16bd1c087ea63270a560441805152e463b4048fd95ba2,167450.3285
23/10/19 12:26,PAYMENT RECEIVED,1634.93066,0,d8e53bddec41363134b121de12e1062e6e6433092c3a5f6cbf49c0ec6992e221,169085.2592
23/10/19 16:56,PAYMENT RECEIVED,1623.990739,0,28bfcaef74d3449fa19cde77daa1d83c7ded065f747f1105f9548c2a8f1cb993,170709.2499
24/10/19 4:31,PAYMENT RECEIVED,1080.358385,0,fd09539c813ebd21a88a58e124ce827d41ac0efd8ee36f49bbd91a9b417ba129,171789.6083
26/10/19 12:23,PAYMENT RECEIVED,1516.395326,0,f8add5010ced679ee8f4b5f3188c1e4d77240e53c641046fedf51b8702cdec06,173306.0036
27/10/19 0:23,PAYMENT RECEIVED,1365.630773,0,ff59da53003e949f4cde81978384a0a9b9529496b85b8606932a2f71a5fd2e1d,174671.6344
28/10/19 10:49,PAYMENT RECEIVED,1010.565785,0,bb694c40489655b08ecc217e257485b43eb36b600015738297d4874d6a922f1b,175682.2002
29/10/19 2:24,PAYMENT RECEIVED,1061.667189,0,4a76e6cdb70759dffe9c69ef19d81fbe698e08e645047cc5f3824c33a1f6a6a7,176743.8674
29/10/19 16:58,PAYMENT RECEIVED,1774.114698,0,7adeb3e4813e371e1b2cdc05e4c7a33325d9a6014f6183a9a5d5e4a37b9a78b8,178517.9821
31/10/19 12:25,PAYMENT RECEIVED,1.60E-05,0,ab7a6934a68ec179fb84b71be10692a654c66a85f55c633e2003f52bf1784fb0,178517.9821
22/10/19 16:31,PAYMENT RECEIVED,1293.223559,0,54921d51bc52dd3dfd4b51248ee8a42e91fb56de6c1f951fbfa629f6c7bb1229,166259.1305
22/10/19 16:18,PAYMENT RECEIVED,1301.651067,0,cffb03fbffeb5cdc5ace78a06db7b426dde30293393d841e277bc0c95c7cc2ae,164965.9069
2/10/19 15:13,PAYMENT RECEIVED,0.9,0,b7a5b50d728625223806cad2d1bd0264b87e5c926c720d16d3f33798331cb809,158833.2438
3/10/19 16:08,PAYMENT RECEIVED,1499.791701,0,ccb2a1f44faa103c9883c5c769eb73ec03468361e6b98bfef8374f6b1c61af83,160333.0355
4/10/19 7:08,PAYMENT RECEIVED,6.20E-05,0,35960f9e2e2c2dcf32c430e7841e6e1def2558c64f39387a760733047876f363,160333.0356
8/10/19 18:26,PAYMENT RECEIVED,1035.897987,0,75acd02778cf5a9c0ab25d27d26cc89ad4b8bffe3b95e00764a8b3a23e18f6d1,161368.9335
10/10/19 0:59,PAYMENT RECEIVED,1075.130994,0,d2a0c9e941ce4ece9b74f59a4698708647a438d203c0780d03f3acdfe7c3eb2f,162444.0645
10/10/19 3:10,PAYMENT RECEIVED,1.42E-05,0,f9dfbad2827023d3351bd319989e91c95a8164694105b9cdf707f511b1e540f0,162444.0645
10/10/19 11:21,PAYMENT RECEIVED,1220.187677,0,945eab65aa930b70470f3462a231909029da21117fb464c29fe6763a3c863440,163664.2522
10/10/19 12:46,PAYMENT RECEIVED,0.00084182,0,c1e40c2dbec7c16e2b6f288ab72edd440ec573e6053f58c57eac0a677a5d5e27,163664.2531
14/10/19 2:59,PAYMENT RECEIVED,0.0001,0,76d87ed07c0ab444fe6ae5040d54c4bdf5abf9d5b44528a45fac486a2105ba35,163664.2532
21/10/19 14:44,PAYMENT RECEIVED,0.00266947,0,c4abe25b029293ff9738e7a12f9b45863fcdab1ff0603dc923bbba397bf24e56,163664.2558
31/10/19 18:36,PAYMENT RECEIVED,1324.468342,0,9f16707a4e6bb48864b95435fdae490cacdb9af665a22d0f48c436863c61fbed,179842.4504
1/9/19 17:09,PAYMENT RECEIVED,9.00E-06,0,b1647aebd61d00231e044239df6a07574464d9a04cb30f253baebaeb27ed3ea0,163230.5287
20/9/19 9:52,PAYMENT RECEIVED,9.86E-05,0,aac1793840129d1501e36a1d599848eef40afe7fb462b3e9423578cfad269f2c,151991.9475
22/9/19 15:22,PAYMENT RECEIVED,0.00010007,0,bc54c83767ea821b4867ff72a5aea0936b5ec642fd19b04e098bc18fdd68e291,151991.9476
22/9/19 17:24,PAYMENT RECEIVED,0.0001,0,b218b0f8f7d016aa7330f259b13044a442427f01d9c987c9aded47533ca216d6,151991.9477
24/9/19 21:06,PAYMENT RECEIVED,1169.81937,0,a6cd7070672fbdcd0eea296388e8713c5b3fb6b14ce188d3197806a933e43a28,153161.7671
24/9/19 22:35,PAYMENT RECEIVED,1264.795132,0,0d34aa0f55508c8654257a3a8c511244dd27a7e846568c4bf557783f54690f11,154426.5622
24/9/19 22:35,PAYMENT RECEIVED,2000,0,3c130dcd5a427664af601108ffd058076fbfc30a2d17407f9b368e1457286c38,156426.5622
25/9/19 4:35,PAYMENT RECEIVED,2000,0,bc54d2cbb2e024e37cc9cd0780df2e78d7bb314f68fa4b48c4cf4600bf5b14e2,158426.5622
25/9/19 4:35,PAYMENT RECEIVED,405.781124,0,7796aa89017bfb4b601b7c183dfed5c04083292d9ffe839d9b6254a5e9a43bf1,158832.3433
27/9/19 9:41,PAYMENT RECEIVED,1.00E-05,0,fdea949f3247f4fa6101c08db9a531617fca9a01b1c316a89e42cb994c81236e,158832.3433
19/9/19 10:21,PAYMENT RECEIVED,1215.93811,0,e70dc70f29eb70d646a053e7656963cfb5c40f94dab67de5443ba0f3188575b7,151991.9474
19/9/19 4:30,PAYMENT RECEIVED,870.3770011,0,9a63edf6728fb941885a606fff29cd90b701455b8ac508fa73b9b95591c59d6e,150776.0093
6/9/19 4:32,PAYMENT RECEIVED,1051.031713,0,13e647798ba282657860a34223a324efa6955ff306222eba919cdcf199adf098,164281.5604
8/9/19 17:05,PAYMENT RECEIVED,9.61E-05,0,795d0d9d22b5bec1b3ecb0aceae99632e6b0102510e791e78861afc8cca57430,164281.5605
10/9/19 16:51,PAYMENT RECEIVED,1036.930251,0,e469d9238f46220664bfca19f6dda360752bd0afba60d1f5de6677d3f5320e02,165318.4907
11/9/19 18:36,PAYMENT RECEIVED,1.01E-05,0,0c878ed4458ee5792f3e9b41e8034e8c5fc26c5c2a74269531bd5087883ab25b,165318.4908
12/9/19 1:50,PAYMENT SENT,0,-20921.78907,34bd50a53f4fd965f9be8a3d83040baeb72a74782c8190dbdff2130109e8c626,144396.7017
17/9/19 22:24,PAYMENT RECEIVED,1030.064558,0,0952b61fe9279cca7efbc3a0faad50c0168ae2d93ad92d672337d4d44fbba0f5,145426.7662
18/9/19 11:09,PAYMENT RECEIVED,1118.720976,0,4888db73a5ba1950ec3b2020ed03240e1a1d7d6b94781d1f64e88a3fedb13cb7,146545.4872
18/9/19 20:22,PAYMENT RECEIVED,1360.145057,0,8c996849df9901de3f9f8cc643ca3593893a09f041cd8563c73d74ff3e5a1928,147905.6323
19/9/19 4:30,PAYMENT RECEIVED,2000,0,6f588ef1cad0b37d47e3d7b6c1c8ff1dfe68b01f61d708c8c1b41c270558aebd,149905.6323
30/9/19 20:12,PAYMENT RECEIVED,0.0001011,0,0e84845c19cf921cc6ea2d19286fba3b474328f5a2d5407b3a166c76521b1863,158832.3434
1/8/19 4:28,PAYMENT RECEIVED,0.01199224,0,6ed5a618cb5f9fc784664e705ab33ff174603253a686aa7a630f4ac66bd6560c,147392.9208
14/8/19 2:37,PAYMENT RECEIVED,1470.119173,0,71d0d9e9ca9d13436244b37774d2348179ce1fcb0f2fb4fe6a01d4b36df43aa3,156359.7855
16/8/19 18:11,PAYMENT RECEIVED,0.0001,0,5d74104a7cfa1214fd59f9b537c3dd75beaa1f2c774505686668291e09b39055,156359.7856
19/8/19 17:33,PAYMENT RECEIVED,1178.077252,0,b66b22477276d5a6f82d583357e206706a0a39282c95a9477c2bb9cef3e6b618,157537.8629
20/8/19 0:27,PAYMENT RECEIVED,5.46E-06,0,23d5fe3d9279d89569ae1b73457b1fffcf3843cfca799762c1f40ae83d1980ce,157537.8629
20/8/19 16:17,PAYMENT RECEIVED,1105.208413,0,66c8ae79401ec717f04e016cb059485af396be4e48e660d4a49164cdfb0a2864,158643.0713
21/8/19 7:35,PAYMENT RECEIVED,9.84E-05,0,67b4e14edf86e2de8f14270f4a1854f59ce4c5f4abbb9b0800cf9155e2f54cf4,158643.0714
24/8/19 16:09,PAYMENT RECEIVED,1067.406148,0,5d8548d67a341422e95ed42eed764b97cba844a99f9667b528ae1d1f09dc286d,159710.4775
26/8/19 21:03,PAYMENT RECEIVED,1250.265256,0,3f852cc3349d7abc06f398b5d35258f8cfabfddf14fb3c62d1fab5021cb77fba,160960.7428
26/8/19 22:12,PAYMENT RECEIVED,1106.048588,0,4f60a06629ac36075f2072f6791597d6179b6037a38d4d310d0977fcc137ff20,162066.7914
13/8/19 10:53,PAYMENT RECEIVED,1080.108226,0,fe7d087f53819cedd143c7649d1f7e64d41cc81f6df5e8679a1763baabd710db,154889.6664
10/8/19 18:34,PAYMENT RECEIVED,1395.58483,0,dad1e43de07497e8c5137de3a2970aa4ff6a495bde7aa68aa62bcb164d4d36a1,153809.5581
1/8/19 5:46,PAYMENT RECEIVED,0.0001953,0,fbb7af52f91d57c6a4ca97bd82239aa8f22453feacbd38783601a1246b0a6ec7,147392.921
1/8/19 23:59,PAYMENT RECEIVED,1.00E-05,0,63016bee02120b7863b9f3ba17f301a1a4f3d48dbd79a11742d489eaf97e2618,147392.921
2/8/19 0:04,PAYMENT RECEIVED,1.00E-05,0,fe4208c5ee014944efbe72f3162aafdd1d698d0af0effad7b29744be31c54399,147392.921
2/8/19 0:04,PAYMENT RECEIVED,1.00E-05,0,46a666e77a9dbf4b16ec56aa3b9235084d0191f881d9d5df240a1cafbfe72efa,147392.921
3/8/19 9:34,PAYMENT RECEIVED,6.49E-06,0,763a97fca73385dbe26c468d218d2c4a4fd92772d4dcafff10f0cec1275a6be8,147392.921
6/8/19 6:26,PAYMENT RECEIVED,1296.238771,0,8950dd1f3595639079056916c46c2d809891fb9a2f5ffebbdfa706907cd57e65,148689.1598
9/8/19 20:18,PAYMENT RECEIVED,1221.321843,0,ed31c8bb8a5c9345e6b66b913e3665d82d62bb7c70231143f96cc4c0d7da2da9,149910.4816
10/8/19 14:25,PAYMENT RECEIVED,1270.231602,0,7f50a5f6b4edbc58b49a387b9dcef1de2901e4bf06980db33a2a0f1424ec8da0,151180.7132
10/8/19 16:27,PAYMENT RECEIVED,1233.260077,0,74dab628f9b4fdd187c905ed387b3ce13997ed03bd6d78b43b9ac6fe866858ec,152413.9733
27/8/19 4:22,PAYMENT RECEIVED,1163.737289,0,3fbb0f08b19f7982405dad27d45973149d6197944241a5e3714baa473e7e717c,163230.5287
1/7/19 18:37,PAYMENT RECEIVED,1736.652635,0,6ce75e45248b33fae876cdf97863b28f6ea0868a59f5d6a15bfae3ec34027cd7,55438.80886
11/7/19 4:33,PAYMENT RECEIVED,1047.873242,0,ae28397e7304e6c88105122e87b79cc009efa25889d328562e021c110a352dc5,165204.3501
18/7/19 20:39,PAYMENT RECEIVED,1105.494805,0,29a5b86a327bacff36ad920aa1cac910f6f18840d1f9749bed2ca954269ae1bc,166309.8449
18/7/19 22:23,PAYMENT RECEIVED,1270.618537,0,f7ff8706feefab150a27a28e19e73a1a534fbfe18ab628fc9657623247af359d,167580.4634
19/7/19 3:12,PAYMENT RECEIVED,1899.306469,0,0c47b367c6ec6bf53a45cbae55e100d38400b08cd327afa2ad92ba0694feaff4,169479.7699
20/7/19 18:33,PAYMENT RECEIVED,1275.472579,0,3513798aa02439d71246fd5c70f23dc0358dee85735a45e4ccdc4925545cb189,170755.2424
21/7/19 21:18,PAYMENT RECEIVED,2.50E-05,0,d6238700ed34f544c03797caebe2301809b5af4afa1856f3b4cd772ad543b81f,170755.2425
27/7/19 12:34,PAYMENT RECEIVED,1115.752283,0,3240881387d7c5ea5c3b5839ee494f073f1be5d5cc24faa68cd2ca38a194d238,171870.9948
27/7/19 16:48,PAYMENT RECEIVED,1239.910414,0,02c00cac5b5477e1af89ad80827e2ad38f58b63f432172ede6a9fb68d0b834b0,173110.9052
27/7/19 16:49,PAYMENT RECEIVED,5.30E-05,0,a4d5817a0a77e36bcdf57e9acc04fee8c2657e420ddf764e4a3d420fdeac8650,173110.9052
27/7/19 18:15,PAYMENT RECEIVED,0.01188952,0,804bbda76341f5cbda82a8d152ee74c34eb6999a1cacc28af4694a9dab789a5f,173110.9171
29/7/19 8:50,PAYMENT SENT,0,-5395.482706,9dd391d23d4a9d2b84cf26ebba987c233685bfbf26cc69b6f026b7fb7e09e269,167715.4344
30/7/19 4:28,PAYMENT SENT,0,-21338.76989,e454fd261eb90ce2c841baeb26654e6b0148cfaa5579f8c8c375b5f3e3a46b62,146376.6645
30/7/19 22:12,PAYMENT RECEIVED,1016.242486,0,47d2b70ea69ff1db96a00799df4c631189cceb8994fb7cffb0101400bdcb4c2d,147392.907
11/7/19 0:41,PAYMENT RECEIVED,1045.418372,0,00c30a00ef7f185643ea9d4e433854c52bba3c0391b6bc05fae58cfca58371c1,164156.4768
10/7/19 23:17,PAYMENT RECEIVED,2.00E-05,0,d8d529a375668d9ee04479aa3ada7ddcc41aca293f0ae993c44a6ec3e8d794aa,163111.0584
10/7/19 18:17,PAYMENT RECEIVED,222.7211363,0,7ee0fd1816c2adde4250049ea1d54f99434b72bfd37b65706bc549c7387d3272,163111.0584
2/7/19 8:28,PAYMENT RECEIVED,1270.705225,0,c245205f8a9d45efc018d073e8aa0eac8194c458646e2bde5aaeb027ea4501e2,56709.51409
2/7/19 18:42,PAYMENT RECEIVED,1471.889511,0,874958575c13f9ee97be580d3f790f8deb04bb59744b9669500537a78321ed7e,58181.4036
3/7/19 0:29,PAYMENT RECEIVED,1051.72506,0,01b19b42c09ffb308db32fd52a3c839f9b30ed1ffb3e0459f05bb38dfd90969f,59233.12866
3/7/19 8:13,PAYMENT RECEIVED,1356.807691,0,b989821d0ab5a3859993143f124a6be468950337957408a943ee56629f234fd4,60589.93635
4/7/19 16:43,PAYMENT RECEIVED,1016.944545,0,c3334b31657a7103896b7f52a6ef5f441e9cbc52cd6ffca55645f9e07a898288,61606.88089
9/7/19 4:31,PAYMENT RECEIVED,1874.716207,0,b5735bfdc4247ac16e0cd63451a57950e84672c3babc2e7676af5d096a51e05f,63481.5971
9/7/19 6:32,PAYMENT RECEIVED,1375.897542,0,1ff78af6a5b8e03f7a4ac2b796a65abaf535f2403213ee0863d9214eee5aadd5,64857.49464
9/7/19 8:35,PAYMENT RECEIVED,1379.957259,0,ebcabd2a126353f7160ca85357169bb5e9ec556347d474b3e992b43c0977583c,66237.4519
10/7/19 6:53,PAYMENT RECEIVED,1460.875397,0,e20a65e22dd3317915f65b91fbf02f56c7f521115f0d78ce8a9d3e0a9e62c699,67698.3273
10/7/19 12:50,PAYMENT RECEIVED,90530.02058,0,74fb65a24350ef3b9380e8232e734416224cd6a2f12cacb66eee9e176b9e337c,158228.3479
10/7/19 17:54,PAYMENT RECEIVED,2000,0,f9929ac5da92d2e99fa88ed5329d704885aab162d96cce946be844db18e24dd2,160228.3479
10/7/19 17:54,PAYMENT RECEIVED,659.9894076,0,d508a239c2b7bf5ada2b70ff0c0d18f759ebbb6d12b25a9b5f7de6c5a0c5a275,160888.3373
10/7/19 18:16,PAYMENT RECEIVED,2000,0,1beb6abef3c1bdd1f16fc6f51ddff453643eb09683e3d5d7d0ac5b7a03df1d22,162888.3373
31/7/19 17:08,PAYMENT RECEIVED,0.00178327,0,b39b2b195ecf6e93527790d3792c3b156821ce74e2673fb65e85f35ebab93720,147392.9088
1/6/19 2:23,PAYMENT RECEIVED,1768.691109,0,abaad7da13025e080bfac5b01f15c9b1cafafb07873cd3be5190748e3ea27856,12717.50728
19/6/19 9:51,PAYMENT RECEIVED,2000,0,4a61d00097d9e61d6742c9a1a1223e4e480f7b3b5d1a3592c054d6d8395e745a,38230.7925
20/6/19 22:15,PAYMENT RECEIVED,1711.951334,0,fe6194f8696ae0b2ffb1708869a25bae4b1c490af9bcfe67cee3c0cb448a79c1,39942.74384
24/6/19 14:22,PAYMENT RECEIVED,111.5302046,0,e111a84b3fd167fe375483a002a7108b08cb67a4467dffcf18d6592a4a64fb0f,40054.27404
24/6/19 14:22,PAYMENT RECEIVED,2000,0,26ecfca125a824bf2b8671379b2c9517a9fbbe51325d249fe42cf82f9cf14341,42054.27404
25/6/19 21:37,PAYMENT RECEIVED,1042.92041,0,b568d358560d3b4f72df12bbda2ba23ba26a2a745468bbcd1a3da17d9f1b225f,43097.19445
26/6/19 2:24,PAYMENT RECEIVED,1009.910941,0,ca1278ffd427253c3e4aba36ff77468b6dedfb3a755a9f63031aaeb150bede1e,44107.10539
26/6/19 16:52,PAYMENT RECEIVED,1200.03239,0,8393e17232ffc5ad5c75dfcce632666e049e7128d18615ec384156eb58f0e792,45307.13778
26/6/19 18:56,PAYMENT RECEIVED,348.9038788,0,258eef47bc3658cfbddedb6ea789c458fc3a8f9fae5a49306b369e2f0ff0f434,45656.04166
26/6/19 18:56,PAYMENT RECEIVED,2000,0,ba1c540b9ac2e1b4299db447839ff25f3267a346877b1fb4f1991eb86e4d5387,47656.04166
27/6/19 13:03,PAYMENT RECEIVED,1177.615952,0,3458f690402a6e08b58d6cd051f06e673fd6fb32398a5b1b14d766eef25281dc,48833.65761
27/6/19 16:38,PAYMENT RECEIVED,1075.54555,0,432ea8926b997ce886def5de6ecadf7dc89e393a5fdc437f3ff8f8785e6b5416,49909.20316
27/6/19 22:17,PAYMENT RECEIVED,1601.958288,0,ce6f309f93c0b01da8e393455c4a8065aebc0a66acd851bbb1ae8abc46fa4b7c,51511.16145
28/6/19 6:43,PAYMENT RECEIVED,1155.896237,0,7a1df55f339948af7d108e5a7d452ae9eaa412a6bbddcf9c715bb6472843bee6,52667.05769
19/6/19 9:51,PAYMENT RECEIVED,849.7226207,0,89021800dccb3f8c22c77095f6eeec52ccb2f31984030301c0220d784537e5fb,36230.7925
19/6/19 9:51,PAYMENT RECEIVED,2000,0,5d4737bab27956776a2f7e9bd5fa0a7b5c3a9c83c528c2ab93ff13727eb3211b,35381.06988
18/6/19 12:39,PAYMENT RECEIVED,7.77E-06,0,786cf1ab0510eea36a1c84cd7a32462e1617ba33b8d096ccc01ac3ddd1b5a26b,33381.06988
1/6/19 12:14,PAYMENT RECEIVED,1713.257409,0,f3797ff887cd268bff95cd2333c91a11dc3fd15c31f3aecaceecad4914fa0c73,14430.76469
2/6/19 10:23,PAYMENT RECEIVED,1997.261202,0,6ffe361eec4bd563c7a031813a67223fb8401e5b6f5720e97dc23d27499d2d93,16428.02589
4/6/19 16:40,PAYMENT RECEIVED,159.572877,0,26988b0d62221f172dc5e4b99af4c3f515654f81de0563323b7dce75cd9a030a,16587.59876
4/6/19 16:40,PAYMENT RECEIVED,2000,0,dad2b256894d8f52acc10e61830f38dd56d339494b7cbc42bcc5b79bd8846253,18587.59876
7/6/19 12:29,PAYMENT RECEIVED,1500.045884,0,4d23fae44e886517ac285933cb7289cfd4b2afb6795028777132e1380b019daf,20087.64465
11/6/19 20:32,PAYMENT RECEIVED,1588.60545,0,562374f6931d8acb9760ae61a4ed1cf018124cd570ac9503e33360577cd009f1,21676.2501
13/6/19 10:22,PAYMENT RECEIVED,1421.622198,0,b78b717cb05db5d8a1d55aca52a6693c64107b69e21f509fb57b9fc20c60aa3d,23097.8723
13/6/19 10:22,PAYMENT RECEIVED,2000,0,72ef10aa0573812459877b584e21b1f86eaacbf19c1491b962faef883d0ca83e,25097.8723
13/6/19 18:35,PAYMENT RECEIVED,1636.380296,0,f9849e5867f1784479512c2954908387bb1a7f08c7e17c78599ec0091e3012bf,26734.25259
14/6/19 10:18,PAYMENT RECEIVED,1762.435392,0,12ea1b559c1aefeee34425edefdba8079ea957324ac86201ba471b8ae79e8efb,28496.68798
14/6/19 16:17,PAYMENT RECEIVED,1265.605328,0,0b466df93e93017c51ae9b56a67b873c0caaefd0cf72d2b5802add3a7ab1568e,29762.29331
14/6/19 16:17,PAYMENT RECEIVED,2000,0,6c4eec4c5ffce6096cb8d977d9756cbb27d307461887224995112d2ccbfd6134,31762.29331
17/6/19 21:51,PAYMENT RECEIVED,1618.776563,0,767fd36db03afc7a4b07bee76d0339e33e1b79ec98e92992fe75b3f7b93d6b14,33381.06987
29/6/19 0:10,PAYMENT RECEIVED,1035.098538,0,2bb26c6e3c0afddd23f4ead2764dee1e3993e18b824d3333f8f7027f38db6e25,53702.15623
15/5/19 13:06,PAYMENT RECEIVED,2000,0,b242d948502ba8294c32b08d09c43285310d10931d9b844b34ce55f5e6eddeeb,82879.44184
23/5/19 16:29,PAYMENT RECEIVED,7.72684877,0,86ede31eb91dd3bbab3e015f9c083a18c3f6ccacee18850c0f90aa71f0423595,91310.80292
23/5/19 22:41,PAYMENT RECEIVED,1657.806633,0,9cd9d7decaa863b4cfbbc05c1ab9ed63ab69b311112a0a0cbd3d27be2bdda1af,92968.60955
25/5/19 12:13,PAYMENT SENT,0,-2000,0d8b17a5379571c644f7359fda5b3e01e3dd5255668d1e87bd53cec47bd9449f,90968.60955
25/5/19 22:33,PAYMENT RECEIVED,1729.949224,0,be90a3d8587b6378ca649571aa564bc904199b3426f825f85ebd1a6a82fcd6f1,92698.55878
29/5/19 9:00,PAYMENT SENT,0,-15209.08286,dfb39f6915237f3973b91de33392666b12fa81138383cc1fe74bd3c889d0a87a,77489.47592
29/5/19 9:12,PAYMENT SENT,0,-72093.99321,1e4968cac36d91c4a4294810e9d384e4b52bb73695dc23feb9459c5d89ab6e9c,5395.482706
31/5/19 0:19,PAYMENT RECEIVED,2000,0,c24aea905b111199ecaa5961f67470fab5f23368c0e1741f40f42219419dbf76,7395.482706
31/5/19 0:34,PAYMENT RECEIVED,1.21606751,0,8374225904879e08bc5c79f841b1d1534b93a90b155db05dfe0e161e0f90c3a1,7396.698773
31/5/19 10:50,PAYMENT RECEIVED,1562.423604,0,05e9feae6ec81471a15abc2c057aec4dc7a1c5539683008b5ccd9219ac8e8991,8959.122377
23/5/19 16:29,PAYMENT RECEIVED,2000,0,36c44bd567f16cd4326a4dea7d503f877e6f0438c3e1eed6682576e9263fa7b6,91303.07607
21/5/19 18:50,PAYMENT RECEIVED,1575.935478,0,ef03f1237a65dce01a805cb440adc844026a7e659c094af8adc4d46397051a48,89303.07607
15/5/19 13:23,PAYMENT RECEIVED,2000,0,a025fe763ca53d2fdeb99198a6ee6892eeb40a344f65a29ecce53f285fef4afb,84879.44184
15/5/19 13:23,PAYMENT RECEIVED,700.6766308,0,40c525f375fe195beb8ea528ba22b43e3216e333422ec400c23ef9b323f0e7c3,85580.11847
15/5/19 18:10,PAYMENT RECEIVED,2000,0,da38ac6f1d23211d3611025dcbf0985c3e1e788fd162a964534af09401e9bf73,87580.11847
15/5/19 18:10,PAYMENT RECEIVED,724.7924038,0,3048a2317024c79ddac0f5e653ef1ca82c247ce91b7d4beda3ed725510040198,88304.91087
16/5/19 10:57,PAYMENT SENT,0,-6824.477746,e8bc67c891e5a52dcae00d044bb73e54a120d2be277d4fd69501460fc7497d16,81480.43312
16/5/19 11:52,PAYMENT RECEIVED,2000,0,b09a7adac0c5b1a927a7cd629755b9daf89b006bca1c726c3729e7fca954627a,83480.43312
16/5/19 11:52,PAYMENT RECEIVED,2000,0,101083e3e0db3614512d81fb50f8c074be109c1966dd9622efbad9b33e007bd4,85480.43312
16/5/19 11:52,PAYMENT RECEIVED,256.3865759,0,b460cfea9ae332141b58b4fa49ad684f452e93496273d04ae791996b2b476b46,85736.8197
16/5/19 20:27,PAYMENT RECEIVED,1990.320891,0,50ae8519117713dc051b2ac7cfc92c662599fb2e51c284ab735a547cf28b82ea,87727.14059
31/5/19 18:15,PAYMENT RECEIVED,1989.69379,0,87bb378b69966181f07dba9dc634d3c512baec7108d0519fa21674ba3f768df4,10948.81617
2/4/19 10:09,PAYMENT SENT,0,-10835.01401,baad48af11863c1cd9775934d72ad8f017db324c6d8f093a55928b146bb9dd88,91406.77838
2/4/19 16:11,PAYMENT SENT,0,-10527.33989,1d690f01b6dcf6d565028ce54179bb1353c646f322f86c8b41e589a0967224eb,80879.43848
17/4/19 14:59,PAYMENT RECEIVED,2.22E-05,0,3addacc9236973e8dc00fc236ac7cf6ca18bd573936917590b6f48012ea3bbdf,80879.43851
18/4/19 5:15,PAYMENT RECEIVED,0.00330893,0,b555f0f5335f4387d1304a4a04e7835064d02ccd665a6f2893d5b901586a55e5,80879.44182
20/4/19 21:03,PAYMENT RECEIVED,2.00E-05,0,5d75c59eb3914cb31b09ea1c4f9c17e337943d5c2bc60379602dcd095566105e,80879.44184
8/3/19 12:44,PAYMENT RECEIVED,2000,0,effc66af320ad92b80addcde6c8f4c516ef96402dbf4ef7356599f649f239c7a,85664.30122
31/3/19 1:44,PAYMENT RECEIVED,8.88E-06,0,24ce79cd770e7b0aefd5971492ea058f5237b314088e7779b3425561f8adfc06,102241.7924
28/3/19 0:15,PAYMENT RECEIVED,2000,0,07cfcb4eda27e58a3ca5408302fa8e590e98040cfdb0729424a3e597e8811519,102241.7924
28/3/19 0:15,PAYMENT RECEIVED,25.66379058,0,b032d5fa88a2cfb442afe2a746b60ece4fa745ee056a3b0d3738d5d57d084664,100241.7924
28/3/19 0:15,PAYMENT RECEIVED,2000,0,a7640e5476cbb0068281f0a068acdc10b1bca61906f2cb4145f86e7561d9855a,100216.1286
28/3/19 0:15,PAYMENT RECEIVED,2000,0,143afacd01ebd7a870afe68ae969b3f2991a20c0a066b84350db9872335e6476,98216.12857
21/3/19 8:02,PAYMENT RECEIVED,5.46E-06,0,f74c3a181e06cf634e9924822cc3ead4bef7b261851833d95f048332370f5d98,96216.12857
14/3/19 16:54,PAYMENT RECEIVED,1.00E-05,0,474bb6b411b299780e6485237f4bc50651f3da1386eeefeb2310d58b36fdbc49,96216.12856
13/3/19 0:27,PAYMENT RECEIVED,2000,0,5de1c2082b60f27f4455f3f9c6bb8e882fc09b6a2e75c0ddafb2afa5a255a0b3,96216.12855
13/3/19 0:27,PAYMENT RECEIVED,2000,0,c0b456c6e01eae5057028d669cc4804ec80d286d2a7752281ab160d451f5bd69,94216.12855
13/3/19 0:27,PAYMENT RECEIVED,2000,0,5065f921c6c9c71df90d050e27608cebe4551cf3be18f3586abbb9b6acf46a8d,92216.12855
13/3/19 0:27,PAYMENT RECEIVED,56.46879075,0,e430c390f3537aaec87e776f8e5f68483af173485038bd8221d73b04a7d22073,90216.12855
8/3/19 12:44,PAYMENT RECEIVED,495.3585469,0,e14abd57f38fa770cea02f1e883eeed6ff6c728bb9284fa614284048b6698d04,90159.65976
8/3/19 12:44,PAYMENT RECEIVED,2000,0,3b7e508eaba554cb17fd7db52a1189a773147996170b479bf8ebebd870b36ce3,89664.30122
8/3/19 12:44,PAYMENT RECEIVED,2000,0,1fa8135bbb1d80025540ade0188dff9112778f9e4a2791d6eb1a382dba42fb9d,87664.30122
31/3/19 23:39,PAYMENT RECEIVED,1.95E-05,0,d14fbf1b36222c7e7111a877b2f7e948ec65825da88da7a1683cbdf55990d369,102241.7924
5/2/19 12:35,PAYMENT RECEIVED,2000,0,e03c17926586294358f7d4b1b1e9fd63086bf912d52bef3a421cc6943f68cb2e,74227.23989
27/2/19 11:03,PAYMENT RECEIVED,2000,0,631ef662bdb49dc14f40b57764eb72af02c9505126e28f52273b5ae33b07bb32,83607.11153
27/2/19 11:03,PAYMENT RECEIVED,2000,0,f1109fd88dca7f1740326aecdc0e37ea46a7c46b689170b7987e839e8757250b,81607.11153
27/2/19 11:03,PAYMENT RECEIVED,2000,0,6c694318642a584e743a5a3ae56dfd8dbe8996170af77258abe9ffea3fd8b391,79607.11153
23/2/19 0:31,PAYMENT RECEIVED,509.6241179,0,a01e1ce56c36a3a7342c164759cf1ba26b1fee7268e874bbdb2d1d63b90b9370,77607.11153
23/2/19 0:31,PAYMENT RECEIVED,2000,0,58d6c6d08320dcc2fcd51eca399d93a05f297ba69414cb77745d602074588f93,77097.48741
23/2/19 0:31,PAYMENT RECEIVED,2000,0,36c4bf437ca15021b3e460329328ab279ff020e19357b8166cc2d99e4e231901,75097.48741
23/2/19 0:31,PAYMENT RECEIVED,2000,0,67ae4625f1c8b86bba124a8455f8015a91a3620aab6bf2056bb46d5f592ff12c,73097.48741
18/2/19 4:20,PAYMENT RECEIVED,894.339437,0,a3100fc55f1a01b16fef0ac1325bcdc432bbbc3732e8627429b0254c09adbb93,71097.48741
18/2/19 4:20,PAYMENT RECEIVED,2000,0,ab9961112a29ac5d86099a03f4062d22f4b8fa93cefc29542ab22464422d18c3,70203.14797
18/2/19 4:20,PAYMENT RECEIVED,2000,0,da148e1727b099bc1defcd2486982f5b8c38332b59b1fac20f8906894f3b403a,68203.14797
18/2/19 3:55,PAYMENT RECEIVED,2000,0,306d04c08bda9967c94d97b910c1ebb1fb350ba10c9211a89289668d5573613d,66203.14797
6/2/19 16:37,PAYMENT SENT,0,-14121.11081,9acf9d466ffa1196a750459f8c9673e13ea60964f6da8271f76733d721a87835,64203.14797
5/2/19 12:57,PAYMENT RECEIVED,97.01888307,0,8085172d0d6d2400771dabef2bfe4d80e8a9fa04b4bbb3e266454ec0bd24f765,78324.25878
5/2/19 12:35,PAYMENT RECEIVED,2000,0,7a994e8406791364194b24f009d40f1dfa9efbb918df89ed68be6c32a721bcef,78227.23989
5/2/19 12:35,PAYMENT RECEIVED,2000,0,83722b03a1a198ff1f0073846e4c1324634f1ce8bd8c589f1ba8c91ba433f180,76227.23989
27/2/19 11:03,PAYMENT RECEIVED,57.18968917,0,b29ced2a1e75d4c5adc4749825585ec9278ba141d148064d5e658e5012353b8b,83664.30122
5/1/19 20:11,PAYMENT RECEIVED,2000,0,ce747a6ce24c91030f89c278365f23542b06da34f37d068256ba7bc68de95155,56507.64358
17/1/19 0:25,PAYMENT RECEIVED,318.397007,0,48e72eea68059ee39589c6febe2e8b4ce3cae4b708a07b15f9623c99b5d23a1d,72227.23989
17/1/19 0:25,PAYMENT RECEIVED,2000,0,61849dfdef73bedcbf7382f0d8c7744376e153aa825c6e88d7bdb4c57649d4ac,71908.84288
17/1/19 0:25,PAYMENT RECEIVED,2000,0,2a7fdc3acfe3676caa4271460c81750c15b7c226c8c6cf985cb706ef0f88ef7e,69908.84288
17/1/19 0:25,PAYMENT RECEIVED,2000,0,8c57f173e83ccbcb9ce3dd34a85be5744d6bdf70840d09896e3fa70e8a6e565f,67908.84288
15/1/19 6:49,PAYMENT RECEIVED,2000,0,6c5d160e47619f2c1cc5c987b93e424bc45dddd5601f846924c867e381fd312c,65908.84288
15/1/19 6:49,PAYMENT RECEIVED,391.8175711,0,500a1f0b565f444e4fa4cfdce713f7ee133abfee0bb4efe89f21f82acddda009,63908.84288
15/1/19 6:49,PAYMENT RECEIVED,2000,0,15413155c6377c4147361e3e0684215deab05fb0dcaa83c14c33d155002136ee,63517.02531
15/1/19 6:49,PAYMENT RECEIVED,2000,0,992048b9b2ed3e4e25b696bd67bb57735166d99fab1504d5287d2d2b6e6252db,61517.02531
15/1/19 2:19,PAYMENT SENT,0,-8199.701107,83d66c9c8abf7a68f49ed00159ed9f8e902209c195d4dcc22acfe0e5d6cf4ebd,59517.02531
11/1/19 12:53,PAYMENT RECEIVED,2000,0,879555b5cee664f62947105b4250f89e40b4b90ea972bfebf1f9daa21caeeda1,67716.72642
11/1/19 12:53,PAYMENT RECEIVED,2000,0,4e91539ceeb1ff4348fe683e3a6edf5fa0db4002b87b167cf83608762a99a597,65716.72642
11/1/19 12:53,PAYMENT RECEIVED,2000,0,cdee781b1c7113b682d13811c40ba9568c084a304996c2928b651909c40226e2,63716.72642
11/1/19 12:53,PAYMENT RECEIVED,106.4168866,0,f8c1c3774f4c894a72947e9f0721a325252241f5536b01e12e48797af4101687,61716.72642
5/1/19 20:11,PAYMENT RECEIVED,2000,0,8364efa099d8f01911cb8dbbf07a0655c6a5eac3fd8660568fbcd58147fe2882,61610.30953
5/1/19 20:11,PAYMENT RECEIVED,1102.665949,0,b0e875be589fcccd9729ce95905e524cd1d43947a6ddbcc02e37e2cd59aa13c1,59610.30953
5/1/19 20:11,PAYMENT RECEIVED,2000,0,96424b7d370f8a30c678cef0cd4e8bb07c3ee68b75324cd38238e8ee2e418510,58507.64358
23/1/19 12:02,PAYMENT RECEIVED,5.46E-06,0,2053c33d372b975eb535912ca456d1c933b0e9b4521c6e743c6d19c293f7d3ce,72227.23989
4/12/18 2:29,PAYMENT RECEIVED,7.77E-06,0,430914b64609223adb981977eac1fb7c50666c888a28667fd8693830c4fc9b3b,40870.32536
19/12/18 12:26,PAYMENT RECEIVED,2000,0,c952cff3f4dce3bb583c08c9cea7cdd47bbd98af3c271df49bffcee7753d552d,43454.9379
19/12/18 12:26,PAYMENT RECEIVED,2000,0,5ce04fe6a0a24d6857b81edd73f3235c5de82aeb20ffe05b53b575614da7ec21,45454.9379
19/12/18 12:26,PAYMENT RECEIVED,2000,0,ae3435df440b3febb1bf6539256680a08b4b7168dcee3f9e1f147cd45d45df44,47454.9379
19/12/18 12:26,PAYMENT RECEIVED,228.2279146,0,2fb25539774d52a346751265f7449d8aecf2f1c92ce22783333743083603d7fd,47683.16582
23/12/18 18:35,PAYMENT RECEIVED,2000,0,14e2c9952006b56e44f341b7398ce508825e1596c92337284a8ae338dbef1fc6,49683.16582
23/12/18 18:35,PAYMENT RECEIVED,2000,0,f465c083db7c114124c5525edb079f23db2e319a4a4bd1e78e5fac1523fd0e3d,51683.16582
23/12/18 18:35,PAYMENT RECEIVED,824.4777456,0,fcabb428281ce99e1693e8fd286a0b87c4a93148e688780e438d360487cb6c5a,52507.64356
23/12/18 18:35,PAYMENT RECEIVED,2000,0,5cdbc284dfa25fb872c095456d4774fc3fcde015b5b72e821917d90e33fc7b52,54507.64356
11/12/18 3:17,PAYMENT SENT,0,-8327.459208,235493bbeffaa3233057ede36335730dacb32a39ac3e00a3f0ccef15bf7275b0,41454.9379
11/12/18 2:21,PAYMENT SENT,0,-3791.649066,6022fc9cae233494542a4766c5f2f0a3eaa1d6b4fe0e2dda5134ad760d65660c,49782.39711
9/12/18 4:53,PAYMENT RECEIVED,8.88E-06,0,2358113d0ed033d5a798308a603cac6a9337e79b1b0e164b34539ffe944647ef,53574.04618
6/12/18 6:40,PAYMENT RECEIVED,404.6088309,0,ee90583915fed32b063b67001a7b3129111198d12bc7d72e5a0f25c5c135bc2a,41274.9342
6/12/18 6:40,PAYMENT RECEIVED,2000,0,d4b33e2558ec43437df3c6a952d8ab03b9f9f0decbddf124d06a6d68bfac317d,43274.9342
6/12/18 6:40,PAYMENT RECEIVED,2000,0,a98004c2a1ce6e03780225c03267175822874f6a05291d6210e90479c774c3eb,45274.9342
6/12/18 6:40,PAYMENT RECEIVED,2000,0,b2e870a31ea39bab29c262f88f213566e277352376ae9624e10a8f08022e3324,47274.9342
8/12/18 6:36,PAYMENT RECEIVED,299.1119714,0,5569df699661cf427d48f33e6d4e19234ad0b20f678f8a1b5c3a20504d9d0f55,47574.04617
8/12/18 6:36,PAYMENT RECEIVED,2000,0,23b16ecfe1989fb1ff52e110f62f8eb0a70bb4f489aa07d1ba49a8bea6c90420,49574.04617
8/12/18 6:36,PAYMENT RECEIVED,2000,0,6d2df0394fee1d45df6620610ec98cf1094a4e5d6539cca26269878b52851106,51574.04617
8/12/18 6:36,PAYMENT RECEIVED,2000,0,a0f17caf55b944e319f48fe3bcd4f7fe220e2b16fc8215fdf29ac2b0539e5378,53574.04617
31/12/18 10:56,PAYMENT RECEIVED,2.02E-05,0,de5ae260641732c3a947b5ce35caa6fbb1fd9bda57c19197adcf6114b913c7ab,54507.64358
29/11/18 20:38,PAYMENT RECEIVED,2000,0,c19a68bc4b5a70caa7f1c18f2682fa5e5e17ce8b1d3edf462144d6d6c906390f,40870.32536
17/11/18 10:38,PAYMENT RECEIVED,7.77E-06,0,1f7eee2a828aa58e45d24ed9364e530629534de48ebfea6719feb2e73945fd9c,141096.4039
16/11/18 21:07,PAYMENT RECEIVED,8.00E-06,0,1038726e454fe8b6f26d300f4fa722b25523a97cc46d3daf7799d5ce65b113d0,141096.4039
16/11/18 9:48,PAYMENT RECEIVED,1.00E-05,0,d14249321f8cc061ce2fa3a57f8c01184217809002aa4ea34993e50c651c7a47,141096.4039
15/11/18 17:56,PAYMENT RECEIVED,2000,0,ce73c4d01f14abf0599a233d389042caeae8a1039dbfff92d4543076bdafb363,141096.4039
15/11/18 17:56,PAYMENT RECEIVED,2000,0,20509d72209f631a56a7fb3def6d408ebd217acf265d34c928a9a21632475feb,139096.4039
15/11/18 17:56,PAYMENT RECEIVED,2000,0,c52fbcdf7d701f2edcd51103c09c4ce5cc08d1111930fef302267619cdb39749,137096.4039
15/11/18 17:56,PAYMENT RECEIVED,199.7010731,0,68e8422de2f14d9425a67a401cc2cb5d03307b85032e72404ed5ba44e48d0c85,135096.4039
15/11/18 17:56,PAYMENT RECEIVED,2000,0,45b262531c7012bb4f11e6303312ed4d36c261e22c5c139e2cd4dfab4532165c,134896.7028
15/11/18 17:11,PAYMENT SENT,0,-196.2408985,531e345ed8bc871ee8c230248fbebb45a2c757bf4642b8254d7126f8df8b8a71,132896.7028
15/11/18 17:11,PAYMENT SENT,0,-2000.000128,19d9dc3c9b7d749723f630521e7ae17bb720f81a8d63c73799d2ec3c8dda6a40,133092.9437
18/11/18 11:06,PAYMENT RECEIVED,7.77E-06,0,fcf9c66c906e870a2e2069e6a785e663f429ce1e7528f5fad0e6a4291d9445f1,141096.4039
20/11/18 10:14,PAYMENT SENT,0,-109234.33,1ee11c8a24c9244f14c4d5a9c3670c13664f4ae8f7738c31b4f21221a5bdfbd1,31862.07393
20/11/18 19:29,PAYMENT RECEIVED,2000,0,663ea0180a94b8be1dd35a3c9a09ea7a7aceeccb2eb438f2f6d22e2505b70077,33862.07393
29/11/18 20:38,PAYMENT RECEIVED,2000,0,7b8d6cb83befc0e17187384e87a13266f6b6f7272a21f15833d377439bc26b73,38870.32536
29/11/18 20:38,PAYMENT RECEIVED,2000,0,fabea885fdda010190e2710e777f54952aa326aeb14830077d8237abef0aec7b,36870.32536
29/11/18 20:38,PAYMENT RECEIVED,430.3451706,0,c939783bb5508083e5b18733b7ae1c5ab28b0376c4d054fc9614ea62b144c9ce,34870.32536
21/11/18 10:53,PAYMENT SENT,0,-11543.26455,9e82f00c4ebd163d3e2d470d1d867e73401a81796c0d43712f870355bd71034c,34439.98019
21/11/18 9:46,PAYMENT RECEIVED,0.06,0,07151321ac9a17db56192ce84b9f74a91fdd7178e29310772a3468c950688ef0,45983.24474
21/11/18 7:39,PAYMENT RECEIVED,7724.897408,0,c70adf71eb16b52302de5c128c4ddfbc2e747ad8003123c42c6b0b1181a5eb8e,45983.18474
20/11/18 20:35,PAYMENT RECEIVED,0.0002163,0,f9e33243a0973639839efb4575013cbda09a2c7112ab886b198da06b7681eade,38258.28733
20/11/18 19:29,PAYMENT RECEIVED,396.2131811,0,aede2d1c85432b3e00af20ab438492a055030fe18a90db6b8087bdb5a114dbdf,38258.28711
20/11/18 19:29,PAYMENT RECEIVED,2000,0,3d4000cf0fbcd23de1daf34af22d113cfccfa6b5fa6a082f7239295f37d9b06f,37862.07393
20/11/18 19:29,PAYMENT RECEIVED,2000,0,c17ce1adefe9c911ec3050c03ceda816b61449c3594453255693ade9a5f05aca,35862.07393
15/11/18 17:11,PAYMENT SENT,0,-2465.845747,0d864a343f96d2ec70946da18552fe7ca123fce6229dae0fcab8d81eb9dc1c21,135092.9439
15/11/18 15:53,PAYMENT RECEIVED,3.64E-05,0,957bdd1d0030a494dca35232b45b87e888514a4253dcbf34aba3219acd905b42,137558.7896
15/11/18 8:47,PAYMENT RECEIVED,832.3249521,0,5b32b3223ffeab58f39ebe7c5ed50154da7007baf9191dfb7404f35bff409c71,118728.7417
15/11/18 8:47,PAYMENT RECEIVED,2000,0,768c26771e347cf845e41a6da2f763d837e36504ae685381b1e05c9e465b7b1c,117896.4168
15/11/18 6:47,PAYMENT RECEIVED,109234.33,0,b0a67b6a06f146b6cbcd39c75742bf15799c50d010eef96b68d136fd48573cd6,115896.4168
15/11/18 6:47,PAYMENT SENT,0,-50898.2872,00a829efcd22ac28105c332b7d3d1205614ebb1b229be4474d79205c818a7de0,6662.086773
14/11/18 23:29,PAYMENT RECEIVED,3.17E-05,0,06da900cb0e216715325f40d3d1e85d7b4fede22fa0340213b6782feb741fdb6,57560.37397
14/11/18 12:21,PAYMENT SENT,0,-118.7815745,9eb2038670e4675082f08f75f9edffbd34d7639efca64003d49f0dd9c14bb3e0,57560.37394
13/11/18 7:39,PAYMENT RECEIVED,1.00E-05,0,1ec2ed2e7013207f9ab1e40669fc1f81c87c8e86efb131423cc499a490852c84,57679.15551
10/11/18 9:51,PAYMENT RECEIVED,6.66E-06,0,f79b3cbc7da32a2f6f6c743b5d9729e8f06132b418e5847cb6ba5bd2d341c15c,57679.1555
7/11/18 12:03,PAYMENT RECEIVED,3.93E-05,0,48f26026f5fd797ae1c2dba3be0ff8c6ac98f476b76afdb03e02173cca8c81cd,57679.1555
7/11/18 11:43,PAYMENT RECEIVED,6.07E-05,0,7b1708f9648e1ca861e904a954c78bba7f11144e7e005295f411df5709174ac3,57679.15546
15/11/18 10:13,PAYMENT RECEIVED,2000,0,b9a5d8c4c90ae25a85e62ceffc1e39421766bd6f380371fd20ea14355b9dd1e1,120728.7417
15/11/18 10:13,PAYMENT RECEIVED,2000,0,211c4eafdee123365d087e8ed5ac1f3df8ff108b9bff90684be3bfacb0366e54,122728.7417
15/11/18 10:13,PAYMENT RECEIVED,2000,0,6fb69a49bacbe38d42b2c0f3c1a7455700aa76d38e622447508913c4e2e8e48e,124728.7417
15/11/18 14:59,PAYMENT SENT,0,-2000,5d40cdf6b7031514ce571ede022fb64e010c3c71b61f665836aff488c7e90e4a,137558.7896
15/11/18 14:30,PAYMENT RECEIVED,2000,0,573dd03a66066b61892d5b72857699c8253a71475147b169b47d4e34fca664c6,139558.7896
15/11/18 14:30,PAYMENT RECEIVED,2000,0,68568078edcb8a6e07665b0cfb0bab25b39a810bcfc0c0605a197767137a6bd5,137558.7896
15/11/18 14:30,PAYMENT RECEIVED,2000,0,9e7cf6f7324e40330509392809c8ec042d6b09c57b19584c17f34d3cdd453c68,135558.7896
15/11/18 14:30,PAYMENT RECEIVED,327.4591719,0,da25e16db6c893965a719f1b2454ed75ca722d4a394cd3646c8c210027e07997,133558.7896
15/11/18 10:41,PAYMENT RECEIVED,2000,0,4a4f52416b6a465cfe47ed788b0336b9c62aec181033f77617a39f66e514e860,133231.3304
15/11/18 10:41,PAYMENT RECEIVED,2000,0,7066acd607c3edf4a2c9e3ed8d17f59bb1074acd86538fb4eedbdf285b5c0f47,131231.3304
15/11/18 10:41,PAYMENT RECEIVED,2000,0,fdfd855358355400a20281ae57ccf2d25062a7db115289e736997ed39e4c23eb,129231.3304
15/11/18 10:41,PAYMENT RECEIVED,1791.649066,0,c49064f720e70ded559a30f2e17572acb78896c9dac9c79b42be4d19b4eafc43,127231.3304
15/11/18 10:13,PAYMENT RECEIVED,710.9395987,0,e9e4279cfa76941fb2a140bbd8ad9fa71359e7c46614c2ed29fc3a6c13f5f5c0,125439.6813
6/11/18 16:44,PAYMENT RECEIVED,0.001,0,4af9dac139043fe11cc91380f0e4ca5047c7d606ac141f86196d37f6a30bf6e4,57679.1554
18/10/18 12:59,PAYMENT RECEIVED,0.1,0,0a2cc22270a8be1ada529c4d1a4954c2975e2a032427d35ddcfa4067a6d6aebb,0.1
20/10/18 6:47,PAYMENT RECEIVED,2000,0,634700f906559b9167d91e0ff1f47d0982606235e2e7eb4b033b0d36193cd2c2,12129.06877
20/10/18 8:42,PAYMENT RECEIVED,38888,0,0d8a2b3e0214741030179f3cc2ea929edc18612a964d696b900330cbfc7d6ae7,51017.06877
20/10/18 11:17,PAYMENT RECEIVED,2000,0,f176075b46e1381101eb92fd1ff1160d849e7d8ba853408896309902660e9d0b,53017.06877
20/10/18 19:01,PAYMENT RECEIVED,7.71E-05,0,ce1d1012e94be8cf7820271f679571c6b6722435db4ab74d9c0c3537922cb5bd,53017.06885
20/10/18 19:20,PAYMENT RECEIVED,465.8456184,0,3a23cfe93fa2a8709c95c5a7e105eb174633d8b27a523254f3aef7b745bafdd9,53482.91447
20/10/18 19:20,PAYMENT RECEIVED,2000,0,a8779d91680c3803bc3a107c8f9575afd10cb4b818443709c39d406405d86f6c,55482.91447
20/10/18 19:20,PAYMENT RECEIVED,5.10E-05,0,cf64c20b06e498d0f3d0d4f40469dfdd8b38c96aaeb0d871a98f3698fe391ef1,55482.91452
20/10/18 21:15,PAYMENT RECEIVED,5.55E-06,0,117bcfb56b1811e452e0ee0b044f0312e786ae3548ef89524109f5c4f115689c,55482.91453
23/10/18 11:50,PAYMENT RECEIVED,8.88E-06,0,1d6580dcd979951bd600252b741c22a3ea8e605e43168f8452c68915c3ea2bf3,55482.91453
24/10/18 12:56,PAYMENT RECEIVED,0.0001,0,5055759a14bca9bccd7dfd6c287d337efac77a6ff181a073a71342941b0a905a,55482.91463
25/10/18 3:39,PAYMENT RECEIVED,7.77E-06,0,da5409335c27f93976ff10e2004d752e9e5e6d9e232417e28f898ded6a151cfd,55482.91464
28/10/18 4:50,PAYMENT RECEIVED,5.55E-06,0,4e7ad2019bdbdeb61b0bdc473be32a86204aad8de7e5d17f87e6058a9c5f94ea,55482.91465
29/10/18 0:16,PAYMENT RECEIVED,2000,0,cd3dbc87d4a3e506e4d54b1a9fa1f302a22417cd26c2f271293e3ed8cc91f8d7,57482.91465
20/10/18 6:34,PAYMENT RECEIVED,8888,0,23cba99d138757cc135e05b348f84ee4fe1b266378cafae422edb55f89cced12,10129.06877
19/10/18 13:00,PAYMENT RECEIVED,10.65713276,0,955a4f66c7f2a21457db6cd99cbce9da74816326065390e63f8ae72d1da50389,1241.068774
19/10/18 12:33,PAYMENT RECEIVED,40.65777317,0,6cbed03205c811c26d0662b6750f5fb994a90a78fb6321bf4d4dc6541c9959c5,1230.411641
18/10/18 13:19,PAYMENT SENT,0,-0.1,3fca43b8674e439d6b7c662075e2ae14a12054ad3e9581a3c20d4f85f70badb0,0
19/10/18 3:22,PAYMENT RECEIVED,118.7815745,0,2f97cb137ae7d969e93f38c5489b5b3f81df2cb47fa09005f3fd1a3208a65055,118.7815745
19/10/18 4:02,PAYMENT RECEIVED,56.11902672,0,591690fa4902673d6693cf6d5fba332a024422aded74e7a15b8a15d0ece32acd,174.9006013
19/10/18 5:04,PAYMENT RECEIVED,5.54209322,0,78581419cbc34e418a043246260ae1fc56f282a0375a3d955d1ede1c0bfa5c1b,180.4426945
19/10/18 6:14,PAYMENT RECEIVED,63.0996564,0,147edc0ed4d98ce616bb601583c21f5b961197b3623908cb8bf0e7246843c551,243.5423509
19/10/18 6:50,PAYMENT RECEIVED,757.3552811,0,368cf8d0c392d5f17b41adcfb0ebc62eb9ecf284a65d2b20f80d276a48f0eb3a,1000.897632
19/10/18 7:06,PAYMENT RECEIVED,2.51271471,0,39b64cf0ea6a2bb4a218fb45d849a7395c8a79455a5e6805d4d6529de5d62499,1003.410347
19/10/18 7:26,PAYMENT RECEIVED,11.78668382,0,8a395000273e5bd8f6b23d0c912067e1f5476c53ced741d0ea121dca7ee9c76f,1015.197031
19/10/18 7:56,PAYMENT RECEIVED,6.79793734,0,f02ea5670dcafc671ff72489bee5b183c61da1deb0015c827f06bd3be43e803d,1021.994968
19/10/18 8:11,PAYMENT RECEIVED,20.25883841,0,4878611243abfbc8e5139bb5c29c99788e9a24a89246135f382de4e018fd73ca,1042.253806
19/10/18 8:41,PAYMENT RECEIVED,1.01810102,0,914dc050099ddd8502720637a25d49ec2f4d2be8f646321fd105e7d87e798792,1043.271907
19/10/18 9:08,PAYMENT RECEIVED,56.04482011,0,2ffbbb5a66210716f67e120a9c5bc6a3adebf90972271496925ff53f1dafe262,1099.316727
19/10/18 12:17,PAYMENT RECEIVED,90.43714056,0,778859ec93072c3375503ae3298d9d43100833aef6e11727e3972969141014e1,1189.753868
29/10/18 0:25,PAYMENT RECEIVED,196.2397501,0,7ebfda9eeba9d0ef763059c753daab24c7aa0bf7c47253d63f7a756cc78e4072,57679.1544